405,437,634,665,703,703,703,703,920,920,920,920,920,830,830,830,904,904,904,904,904,731,758,758,851,851,851,851,851,779,901,901,901,901,901,748,748,748,767,767,767,947,947,947,947,947,813,849,849,849,849,849,813,813,813,839,839,839,839,839,809,747,747,665,826,826,826,826,826,728,728,714,712,712,712,787,787,797,797,981,981,981,981,991,991,991,991,991,826,826,674,674,650,650,784,784,784,784,784,630
739,783,783,921,921,991,991,991,991,991,920,920,927,1195,1195,1195,1195,1195,1066,1066,1066,1169,1169,1169,1169,1169,1103,1103,1103,1104,1104,1104,1104,1192,1287,1287,1287,1287,1287,907,1008,1008,1008,1008,1008,1002,1126,1126,1126,1126,1126,989,1020,1020,1058,1058,1058,1058,1058,1053,1037,1017,1100,1100,1100,1100,1100,953,1049,1049,1049,1049,1049,1046,1046,1046,836,836,1339,1339,1339,1339,1339,1178,1178,1178,1132,1132,1111,1168,1168,1168,1168,1179,1179,1179,1179,1179,953,953
797,948,1044,1123,1388,1388,1388,1388,1388,1325,1325,1292,1330,1330,1427,1427,1427,1427,1427,1260,1306,1306,1456,1520,1520,1520,1520,1520,1507,1507,1507,1507,1194,1341,1341,1341,1341,1341,1293,1245,1245,1158,1297,1391,1391,1391,1391,1391,1279,1363,1363,1363,1363,1399,1399,1399,1399,1399,1325,1325,1222,1120,1120,1120,1100,1216,1532,1532,1532,1532,1532,1117,1212,1257,1257,1257,1257,1629,1629,1629,1629,1629,1595,1595,1595,1595,1356,1317,1317,1317,1168,1168,1261,1261,1275,1275,1363,1363,1363,1363
797,948,1412,1412,1412,1412,1412,1388,1388,1325,1391,1527,1527,1527,1527,1527,1427,1427,1427,1464,1464,1588,1588,1588,1588,1588,1724,1724,1724,1724,1724,1507,1194,1341,1341,1457,1457,1457,1457,1457,1245,1158,1297,1391,1391,1391,1391,1391,1408,1408,1408,1408,1408,1456,1481,1481,1481,1481,1481,1398,1294,1294,1294,1120,1100,1216,1532,1532,1532,1532,1532,1333,1333,1333,1257,1257,1482,1629,1629,1629,1756,1756,1756,1756,1756,1595,1356,1317,1317,1317,1216,1204,1261,1316,1316,1316,1363,1363,1363,1363
797,948,1412,1535,1535,1535,1535,1535,1388,1325,1391,1527,1527,1527,1527,1527,1427,1427,1427,1464,1464,1588,1588,1588,1588,1588,1724,1724,1724,1724,1724,1507,1239,1341,1341,1457,1457,1457,1457,1457,1327,1481,1481,1481,1481,1481,1391,1391,1408,1408,1408,1408,1408,1456,1506,1506,1506,1506,1506,1398,1336,1385,1385,1385,1385,1385,1532,1532,1532,1532,1532,1378,1378,1333,1257,1354,1482,1629,1629,1629,1756,1756,1756,1756,1756,1595,1356,1481,1481,1481,1481,1481,1359,1359,1359,1359,1363,1363,1363,1363
797,1117,1412,1535,1590,1590,1590,1590,1590,1517,1517,1527,1527,1527,1527,1527,1427,1457,1457,1464,1577,1588,1588,1588,1792,1792,1792,1792,1792,1724,1724,1507,1478,1341,1341,1457,1457,1457,1457,1457,1327,1481,1481,1481,1481,1481,1391,1391,1408,1408,1408,1408,1408,1456,1506,1506,1506,1506,1506,1398,1457,1457,1457,1457,1457,1385,1532,1532,1532,1532,1532,1378,1378,1333,1257,1354,1482,1629,1629,1629,1756,1756,1756,1756,1756,1595,1356,1481,1481,1481,1481,1481,1359,1359,1359,1359,1363,1363,1363,1363
947,1117,1412,1535,1590,1789,1789,1789,1789,1789,1603,1603,1536,1536,1527,1527,1550,1550,1550,1550,1577,1588,1588,1588,1792,1792,1792,1792,1792,1724,1724,1507,1478,1411,1411,1457,1457,1457,1457,1457,1327,1481,1481,1481,1481,1481,1391,1391,1408,1408,1408,1408,1408,1456,1506,1506,1506,1506,1506,1411,1457,1475,1475,1475,1475,1475,1532,1532,1532,1532,1532,1378,1378,1333,1257,1354,1482,1629,1629,1629,1756,1756,1756,1756,1756,1595,1356,1481,1481,1481,1481,1481,1359,1359,1359,1359,1363,1363,1363,1363
947,1117,1412,1535,1590,1789,1789,1789,1789,1789,1603,1603,1536,1536,1527,1527,1550,1550,1550,1550,1577,1588,1588,1588,1792,1792,1792,1792,1792,1724,1724,1478,1478,1411,1411,1457,1457,1457,1457,1457,1327,1481,1481,1563,1563,1563,1563,1563,1408,1408,1408,1408,1408,1456,1506,1506,1506,1506,1506,1411,1457,1475,1475,1475,1475,1475,1474,1346,1378,1378,1378,1378,1378,1333,1225,1354,1482,1482,1482,1575,1756,1756,1756,1756,1756,1535,1326,1481,1481,1481,1481,1481,1359,1504,1504,1504,1504,1504,1296,1296
947,1117,1375,1535,1590,1789,1789,1789,1789,1789,1603,1603,1536,1536,1355,1648,1648,1648,1648,1648,1577,1577,1577,1577,1792,1792,1792,1792,1792,1639,1639,1639,1639,1411,1411,1411,1411,1411,1327,1327,1428,1481,1481,1563,1563,1563,1563,1563,1390,1390,1390,1390,1370,1365,1506,1506,1506,1506,1506,1473,1473,1475,1475,1589,1589,1589,1589,1589,1378,1378,1378,1378,1378,1372,1372,1372,1372,1396,1479,1575,1575,1575,1575,1575,1535,1535,1405,1481,1481,1481,1481,1481,1359,1504,1504,1504,1504,1504,1427,1427
947,1117,1489,1489,1590,1789,1789,1789,1789,1789,1603,1603,1536,1536,1355,1648,1648,1648,1648,1648,1577,1577,1577,1577,1792,1792,1792,1792,1792,1639,1639,1639,1639,1411,1411,1411,1411,1411,1391,1310,1428,1442,1442,1563,1563,1563,1563,1563,1625,1625,1625,1625,1625,1432,1432,1415,1415,1415,1367,1473,1736,1736,1736,1736,1736,1589,1589,1589,1346,1221,1221,1221,1372,1372,1372,1372,1372,1617,1617,1617,1617,1617,1596,1575,1535,1535,1521,1521,1521,1223,1212,1230,1287,1504,1504,1504,1504,1504,1427,1427
947,1137,1489,1489,1527,1789,1789,1789,1789,1789,1603,1603,1536,1536,1355,1648,1648,1648,1648,1648,1550,1398,1398,1381,1381,1434,1434,1434,1639,1639,1639,1639,1639,1411,1411,1411,1411,1411,1391,1323,1428,1442,1442,1563,1563,1563,1563,1563,1625,1670,1670,1670,1670,1670,1432,1415,1415,1415,1386,1473,1736,1736,1736,1736,1736,1626,1626,1626,1346,1211,1215,1215,1372,1372,1372,1372,1437,1617,1617,1617,1617,1682,1682,1682,1682,1682,1525,1521,1521,1422,1422,1422,1422,1504,1504,1504,1504,1504,1427,1427
965,1137,1489,1489,1527,1603,1603,1603,1603,1603,1513,1467,1467,1355,1355,1648,1648,1648,1648,1648,1398,1398,1398,1229,1229,1434,1434,1434,1639,1639,1639,1639,1639,1314,1391,1391,1391,1391,1391,1358,1428,1442,1442,1563,1563,1563,1563,1563,1625,1670,1670,1670,1670,1670,1460,1457,1457,1457,1457,1473,1736,1736,1736,1736,1736,1626,1626,1626,1346,1211,1211,1211,1372,1372,1418,1418,1437,1617,1617,1617,1617,1682,1682,1682,1682,1682,1525,1521,1521,1422,1454,1454,1454,1504,1504,1504,1504,1504,1466,1427
965,1214,1489,1674,1674,1674,1674,1674,1603,1603,1513,1395,1285,1285,1285,1648,1648,1648,1648,1648,1398,1398,1398,1270,1270,1434,1434,1434,1639,1639,1639,1639,1639,1312,1391,1391,1391,1547,1547,1547,1547,1547,1442,1442,1442,1442,1350,1416,1625,1670,1670,1670,1670,1670,1460,1457,1457,1457,1457,1473,1736,1736,1736,1736,1736,1626,1626,1626,1277,1277,1207,1207,1372,1484,1484,1515,1515,1617,1617,1617,1617,1682,1682,1682,1682,1682,1525,1521,1521,1425,1454,1454,1454,1592,1592,1592,1592,1592,1575,1575
965,1214,1519,1674,1674,1674,1674,1674,1603,1603,1513,1258,1285,1285,1285,1418,1418,1418,1418,1418,1398,1495,1495,1495,1495,1495,1434,1434,1434,1434,1421,1421,1306,1219,1391,1391,1391,1547,1547,1547,1547,1547,1407,1355,1355,1355,1350,1416,1625,1670,1670,1670,1670,1670,1521,1521,1521,1521,1529,1529,1736,1736,1736,1736,1736,1626,1626,1626,1309,1309,1207,1207,1496,1496,1501,1515,1515,1617,1617,1617,1617,1682,1682,1682,1682,1682,1525,1521,1750,1750,1750,1750,1750,1609,1618,1618,1618,1618,1618,1575
965,1252,1519,1674,1674,1674,1674,1674,1603,1603,1258,1258,1242,1277,1279,1418,1418,1418,1418,1418,1385,1495,1495,1495,1495,1495,1300,1421,1421,1421,1421,1421,1306,1306,1345,1345,1543,1547,1547,1547,1547,1547,1407,1323,1343,1343,1350,1382,1382,1670,1670,1670,1670,1670,1521,1521,1521,1521,1529,1529,1529,1529,1529,1626,1626,1626,1626,1626,1434,1434,1434,1452,1496,1496,1501,1515,1515,1515,1515,1557,1579,1682,1682,1682,1682,1682,1525,1465,1750,1750,1750,1750,1750,1675,1675,1675,1618,1618,1618,1611
965,1252,1519,1674,1674,1674,1674,1674,1485,1485,1485,1485,1259,1277,1310,1418,1418,1498,1498,1498,1498,1498,1495,1495,1495,1495,1300,1421,1421,1421,1421,1421,1320,1320,1345,1645,1645,1645,1645,1645,1547,1547,1407,1373,1343,1356,1583,1583,1583,1583,1583,1693,1693,1693,1693,1693,1521,1521,1529,1529,1529,1529,1529,1512,1512,1512,1512,1512,1434,1434,1434,1452,1496,1496,1501,1515,1515,1535,1535,1557,1579,1579,1579,1579,1579,1541,1465,1465,1750,1750,1750,1750,1750,1675,1675,1675,1618,1618,1618,1611
880,1252,1519,1674,1674,1674,1674,1674,1485,1485,1485,1485,1259,1259,1310,1418,1418,1498,1512,1512,1512,1512,1512,1495,1495,1495,1428,1300,1300,1320,1320,1320,1320,1320,1345,1645,1645,1645,1645,1645,1547,1547,1407,1373,1343,1356,1583,1583,1583,1583,1583,1693,1693,1693,1693,1693,1521,1521,1529,1529,1529,1529,1529,1512,1512,1551,1551,1551,1551,1551,1535,1535,1535,1535,1501,1515,1515,1535,1535,1557,1579,1579,1579,1579,1579,1541,1465,1465,1750,1750,1750,1750,1750,1675,1675,1675,1618,1618,1618,1611
822,1252,1519,1519,1519,1519,1519,1485,1485,1485,1485,1485,1439,1259,1310,1310,1385,1498,1512,1512,1512,1512,1512,1495,1495,1495,1428,1289,1292,1320,1320,1330,1330,1330,1345,1645,1645,1645,1645,1645,1543,1407,1407,1373,1320,1356,1583,1583,1583,1667,1667,1693,1693,1693,1693,1693,1521,1521,1529,1529,1529,1529,1529,1512,1512,1551,1551,1622,1622,1622,1622,1622,1535,1535,1501,1501,1507,1535,1535,1557,1557,1557,1557,1557,1541,1541,1465,1586,1750,1750,1750,1750,1750,1675,1675,1675,1640,1640,1640,1611
782,1252,1252,1252,1460,1601,1601,1601,1601,1601,1485,1485,1439,1330,1330,1330,1385,1498,1512,1512,1512,1512,1512,1452,1452,1450,1450,1450,1450,1450,1320,1330,1330,1330,1345,1645,1645,1645,1645,1645,1543,1404,1661,1661,1661,1661,1661,1583,1583,1667,1667,1693,1693,1693,1693,1693,1472,1435,1401,1382,1382,1390,1507,1512,1512,1551,1704,1704,1704,1704,1704,1622,1535,1535,1498,1498,1466,1535,1535,1535,1561,1561,1561,1561,1561,1541,1445,1586,1604,1604,1604,1675,1675,1675,1675,1675,1640,1640,1640,1611
782,1161,1161,1164,1460,1601,1601,1601,1601,1601,1499,1499,1439,1438,1438,1330,1330,1498,1512,1512,1512,1512,1512,1452,1452,1450,1450,1450,1450,1450,1320,1330,1330,1334,1334,1645,1645,1645,1645,1645,1419,1404,1661,1661,1661,1661,1661,1583,1583,1667,1667,1693,1693,1693,1693,1693,1472,1435,1401,1382,1382,1390,1507,1512,1512,1603,1704,1704,1704,1704,1704,1702,1702,1702,1702,1498,1466,1535,1535,1535,1561,1561,1561,1561,1561,1541,1370,1586,1604,1604,1604,1604,1604,1550,1640,1640,1640,1640,1640,1435
595,1161,1161,1164,1460,1601,1601,1601,1601,1601,1499,1499,1462,1462,1438,1330,1330,1327,1512,1512,1512,1512,1533,1533,1533,1533,1533,1450,1450,1450,1345,1330,1330,1334,1334,1334,1419,1419,1419,1419,1419,1404,1661,1661,1661,1661,1661,1555,1555,1667,1667,1667,1667,1667,1523,1472,1472,1435,1402,1402,1402,1402,1507,1507,1507,1603,1704,1704,1789,1789,1789,1789,1789,1702,1702,1498,1466,1466,1506,1506,1561,1561,1561,1561,1561,1540,1540,1586,1604,1604,1604,1604,1604,1550,1640,1640,1640,1640,1640,1435
595,1161,1548,1548,1548,1601,1601,1601,1601,1601,1587,1587,1587,1462,1438,1409,1409,1409,1338,1381,1570,1570,1570,1570,1570,1533,1533,1450,1450,1450,1375,1330,1330,1334,1334,1334,1368,1368,1404,1404,1404,1404,1661,1661,1661,1661,1661,1555,1555,1667,1667,1667,1667,1667,1523,1472,1472,1435,1402,1402,1402,1402,1479,1479,1479,1603,1704,1704,1789,1789,1789,1789,1789,1702,1702,1552,1552,1466,1466,1330,1561,1561,1561,1561,1561,1540,1540,1586,1586,1586,1586,1586,1550,1550,1640,1640,1640,1640,1640,1401
677,1161,1548,1548,1548,1601,1601,1601,1601,1601,1587,1587,1587,1479,1479,1479,1479,1479,1338,1381,1570,1570,1570,1570,1570,1533,1533,1450,1450,1450,1375,1329,1560,1560,1560,1560,1560,1368,1404,1404,1404,1404,1661,1661,1661,1661,1661,1555,1555,1558,1558,1558,1558,1558,1435,1435,1435,1435,1402,1402,1402,1402,1479,1479,1479,1603,1704,1704,1789,1789,1789,1789,1789,1702,1702,1552,1552,1466,1466,1330,1561,1561,1561,1682,1682,1682,1682,1682,1540,1540,1403,1423,1550,1550,1550,1550,1550,1424,1424,1319
677,1239,1548,1548,1548,1548,1548,1536,1587,1587,1587,1587,1587,1479,1479,1479,1479,1479,1338,1381,1570,1570,1570,1570,1570,1533,1533,1411,1411,1411,1411,1329,1560,1560,1560,1560,1560,1415,1368,1368,1368,1368,1368,1368,1532,1532,1532,1532,1532,1558,1558,1558,1558,1558,1386,1386,1386,1402,1402,1402,1402,1402,1387,1455,1455,1603,1603,1603,1789,1789,1789,1789,1789,1702,1702,1552,1552,1423,1330,1330,1330,1522,1522,1682,1682,1682,1690,1690,1690,1690,1690,1423,1550,1550,1550,1550,1550,1319,1319,1319
764,1239,1548,1548,1548,1729,1729,1729,1729,1729,1587,1587,1587,1641,1641,1641,1641,1641,1490,1490,1570,1570,1570,1570,1570,1533,1533,1569,1569,1569,1569,1569,1560,1560,1560,1560,1560,1509,1509,1368,1412,1412,1412,1412,1532,1532,1532,1532,1532,1412,1412,1385,1412,1412,1412,1412,1412,1557,1557,1557,1557,1557,1387,1455,1455,1455,1455,1491,1789,1789,1789,1789,1789,1552,1552,1552,1552,1423,1502,1502,1502,1502,1502,1682,1682,1682,1690,1690,1690,1690,1690,1480,1480,1480,1480,1423,1344,1344,1344,1344
764,1239,1548,1548,1548,1729,1729,1729,1729,1729,1587,1587,1611,1641,1641,1641,1641,1641,1519,1490,1570,1570,1570,1570,1570,1448,1448,1569,1569,1569,1569,1569,1567,1567,1567,1560,1560,1509,1509,1368,1412,1412,1412,1412,1412,1368,1412,1412,1412,1412,1412,1418,1418,1563,1563,1563,1563,1563,1557,1557,1557,1557,1490,1490,1490,1455,1455,1491,1491,1491,1491,1491,1552,1552,1552,1552,1552,1423,1502,1502,1502,1502,1502,1682,1682,1682,1690,1690,1690,1690,1690,1633,1480,1480,1586,1586,1586,1586,1586,1344
764,1239,1583,1583,1583,1729,1729,1729,1729,1729,1542,1542,1611,1641,1641,1641,1641,1641,1519,1490,1493,1493,1493,1493,1523,1523,1523,1569,1569,1655,1655,1655,1743,1743,1743,1743,1743,1509,1509,1367,1412,1412,1412,1412,1412,1295,1412,1412,1412,1412,1447,1447,1645,1645,1645,1648,1648,1648,1648,1648,1557,1557,1490,1490,1490,1386,1386,1491,1491,1491,1491,1491,1485,1485,1482,1426,1285,1315,1502,1502,1502,1502,1502,1682,1682,1682,1690,1690,1690,1690,1690,1633,1480,1480,1586,1586,1586,1586,1586,1525
764,1239,1583,1583,1583,1729,1729,1729,1729,1729,1536,1536,1611,1641,1641,1641,1641,1641,1621,1621,1621,1621,1493,1493,1523,1523,1577,1577,1617,1655,1655,1655,1743,1743,1743,1743,1743,1509,1509,1486,1486,1486,1486,1412,1412,1359,1359,1359,1359,1518,1518,1518,1645,1645,1645,1648,1648,1648,1648,1648,1557,1557,1490,1490,1490,1433,1433,1433,1382,1485,1485,1485,1485,1485,1482,1464,1464,1315,1502,1502,1502,1502,1502,1443,1443,1428,1690,1690,1690,1690,1690,1633,1480,1480,1586,1586,1586,1586,1586,1537
764,1192,1583,1583,1583,1729,1729,1729,1729,1729,1407,1460,1611,1641,1641,1641,1641,1641,1621,1621,1621,1621,1493,1493,1523,1523,1706,1706,1706,1706,1706,1655,1743,1743,1743,1743,1743,1611,1611,1486,1486,1486,1486,1412,1412,1371,1371,1359,1359,1518,1733,1733,1733,1733,1733,1648,1648,1648,1648,1648,1557,1557,1517,1517,1517,1433,1433,1433,1382,1485,1485,1485,1485,1756,1756,1756,1756,1756,1502,1502,1502,1502,1594,1594,1594,1594,1594,1633,1633,1633,1633,1633,1480,1480,1586,1586,1586,1586,1586,1537
614,1192,1583,1583,1583,1583,1583,1466,1466,1466,1407,1460,1611,1611,1611,1611,1611,1621,1621,1621,1621,1621,1493,1493,1523,1523,1706,1706,1706,1706,1706,1655,1743,1743,1743,1743,1743,1611,1638,1638,1638,1638,1638,1373,1371,1371,1551,1551,1551,1551,1733,1733,1733,1733,1733,1648,1648,1648,1648,1648,1553,1519,1519,1519,1519,1519,1433,1513,1513,1513,1513,1513,1464,1756,1756,1756,1756,1756,1465,1410,1443,1485,1594,1594,1594,1594,1594,1633,1633,1633,1633,1633,1397,1397,1586,1586,1586,1586,1586,1537
614,949,1583,1583,1583,1583,1583,1466,1466,1466,1313,1460,1485,1485,1591,1591,1591,1621,1621,1621,1621,1621,1372,1451,1557,1557,1706,1706,1706,1706,1706,1655,1743,1743,1743,1743,1743,1611,1638,1638,1638,1638,1638,1385,1385,1385,1551,1551,1551,1551,1733,1733,1733,1733,1733,1648,1648,1648,1648,1648,1517,1519,1519,1519,1519,1519,1636,1636,1636,1636,1636,1513,1464,1756,1756,1756,1756,1756,1465,1410,1443,1485,1594,1594,1594,1594,1594,1436,1436,1436,1436,1337,1407,1449,1449,1449,1537,1537,1537,1537
597,949,1281,1281,1331,1466,1466,1466,1466,1466,1328,1328,1485,1485,1591,1591,1591,1621,1621,1621,1621,1621,1372,1451,1557,1557,1706,1706,1706,1706,1706,1617,1617,1563,1611,1611,1611,1611,1638,1638,1638,1638,1638,1385,1385,1385,1551,1551,1556,1556,1733,1733,1733,1733,1733,1467,1410,1410,1309,1302,1517,1519,1519,1519,1519,1519,1636,1636,1636,1636,1636,1548,1567,1756,1756,1756,1756,1756,1478,1478,1478,1485,1594,1594,1594,1594,1594,1440,1379,1362,1326,1377,1407,1449,1449,1449,1537,1537,1537,1537
639,922,1281,1281,1331,1466,1466,1466,1466,1466,1352,1352,1485,1485,1485,1485,1535,1535,1535,1535,1535,1372,1372,1415,1557,1557,1706,1706,1706,1706,1706,1563,1563,1548,1611,1611,1611,1611,1638,1638,1638,1638,1638,1385,1385,1431,1551,1551,1556,1556,1733,1733,1733,1733,1733,1418,1410,1410,1309,1271,1609,1609,1609,1609,1609,1519,1636,1636,1636,1636,1636,1567,1567,1756,1756,1756,1756,1756,1478,1478,1478,1485,1594,1594,1594,1594,1594,1440,1379,1362,1334,1377,1407,1449,1449,1449,1449,1449,1401,1398
639,922,1281,1281,1296,1466,1466,1482,1482,1482,1482,1482,1352,1352,1416,1416,1416,1416,1416,1333,1372,1372,1372,1400,1557,1557,1557,1557,1563,1563,1563,1563,1696,1696,1696,1696,1696,1611,1638,1638,1638,1638,1638,1385,1385,1431,1551,1551,1556,1556,1556,1556,1556,1396,1423,1423,1423,1423,1423,1559,1609,1609,1609,1713,1713,1713,1713,1713,1636,1636,1636,1600,1600,1605,1605,1605,1605,1605,1478,1478,1478,1485,1485,1485,1485,1485,1440,1440,1379,1362,1472,1472,1472,1472,1472,1449,1449,1449,1401,1398
639,1110,1281,1281,1296,1301,1301,1482,1482,1482,1482,1482,1352,1352,1416,1416,1416,1416,1416,1333,1372,1583,1583,1583,1583,1583,1557,1557,1563,1629,1629,1629,1696,1696,1696,1696,1696,1635,1611,1611,1611,1487,1385,1385,1385,1431,1431,1431,1556,1556,1556,1556,1556,1556,1556,1556,1423,1423,1423,1559,1609,1609,1609,1713,1713,1713,1713,1713,1636,1636,1636,1600,1600,1605,1605,1605,1605,1605,1478,1478,1478,1443,1433,1440,1440,1440,1440,1440,1379,1362,1472,1472,1472,1472,1472,1449,1449,1449,1401,1362
688,1110,1266,1266,1296,1301,1301,1482,1631,1631,1631,1631,1631,1352,1352,1265,1199,1253,1333,1333,1342,1583,1583,1583,1583,1583,1511,1511,1526,1629,1629,1629,1696,1696,1696,1696,1696,1635,1611,1611,1611,1396,1377,1370,1370,1431,1431,1431,1556,1556,1556,1556,1610,1610,1610,1610,1610,1454,1454,1559,1609,1609,1609,1713,1713,1713,1713,1713,1596,1596,1600,1600,1600,1605,1605,1605,1605,1605,1478,1478,1478,1443,1410,1440,1440,1440,1440,1440,1362,1362,1472,1472,1472,1472,1472,1415,1415,1415,1415,1415
764,1110,1266,1266,1292,1301,1301,1482,1631,1631,1631,1631,1631,1352,1352,1265,1220,1253,1545,1545,1545,1583,1583,1583,1583,1583,1511,1692,1692,1692,1692,1846,1846,1846,1846,1846,1696,1635,1611,1611,1611,1396,1370,1370,1370,1519,1519,1519,1519,1519,1477,1556,1610,1610,1610,1610,1610,1472,1472,1590,1609,1609,1609,1713,1713,1713,1713,1713,1596,1596,1600,1600,1600,1605,1605,1605,1605,1605,1443,1443,1443,1443,1410,1410,1410,1410,1410,1401,1350,1389,1472,1472,1472,1472,1472,1416,1416,1416,1416,1415
764,1110,1365,1365,1365,1365,1365,1482,1631,1631,1631,1631,1631,1265,1265,1265,1220,1253,1545,1545,1545,1583,1583,1583,1583,1583,1572,1692,1692,1692,1692,1846,1846,1846,1846,1846,1696,1635,1418,1418,1418,1396,1370,1370,1612,1612,1612,1612,1612,1519,1450,1556,1610,1610,1610,1610,1610,1472,1472,1590,1590,1590,1590,1713,1713,1713,1713,1713,1596,1596,1600,1600,1600,1610,1610,1610,1610,1610,1443,1443,1443,1443,1389,1401,1401,1401,1401,1401,1349,1389,1472,1472,1472,1536,1536,1536,1536,1536,1416,1415
764,1298,1365,1365,1365,1656,1656,1656,1656,1656,1631,1631,1631,1224,1224,1220,1220,1359,1550,1550,1550,1583,1583,1583,1583,1583,1572,1692,1692,1692,1692,1846,1846,1846,1846,1846,1635,1635,1396,1396,1396,1396,1370,1518,1612,1612,1612,1612,1612,1548,1548,1556,1610,1610,1610,1610,1610,1568,1568,1590,1590,1590,1590,1590,1574,1574,1589,1589,1596,1596,1596,1596,1596,1610,1610,1610,1610,1610,1528,1528,1443,1443,1389,1389,1389,1381,1381,1381,1381,1389,1389,1389,1389,1536,1536,1536,1536,1536,1428,1428
764,1298,1560,1560,1591,1656,1656,1656,1656,1656,1631,1631,1631,1224,1224,1327,1327,1359,1550,1550,1550,1551,1551,1551,1551,1572,1572,1692,1845,1845,1845,1846,1846,1846,1846,1846,1480,1333,1333,1333,1339,1339,1370,1518,1612,1612,1612,1612,1612,1548,1548,1548,1610,1610,1610,1610,1610,1568,1568,1590,1590,1590,1590,1590,1574,1574,1574,1574,1596,1596,1596,1596,1596,1610,1610,1610,1610,1610,1528,1528,1339,1360,1436,1436,1436,1436,1436,1381,1381,1389,1389,1389,1389,1536,1536,1536,1536,1536,1428,1428
764,1298,1560,1560,1591,1656,1656,1656,1656,1656,1465,1465,1465,1224,1375,1375,1375,1375,1567,1567,1567,1567,1567,1551,1551,1572,1572,1692,1845,1845,1845,1846,1846,1846,1846,1846,1480,1364,1364,1364,1339,1339,1339,1518,1612,1612,1612,1612,1612,1548,1548,1548,1599,1599,1599,1599,1599,1568,1568,1590,1590,1590,1590,1590,1501,1501,1501,1501,1501,1553,1553,1553,1553,1610,1610,1610,1610,1610,1528,1528,1339,1356,1436,1436,1436,1499,1499,1499,1499,1499,1389,1389,1389,1536,1536,1536,1536,1536,1428,1428
741,1298,1560,1560,1591,1656,1656,1656,1656,1656,1465,1465,1465,1401,1401,1401,1401,1401,1567,1567,1567,1567,1567,1551,1551,1572,1572,1572,1845,1845,1845,1845,1845,1681,1583,1583,1583,1583,1434,1434,1434,1635,1635,1635,1635,1635,1612,1636,1642,1642,1642,1642,1642,1791,1791,1791,1791,1791,1568,1568,1498,1475,1475,1451,1451,1488,1488,1488,1488,1553,1553,1553,1553,1610,1610,1610,1610,1610,1528,1528,1489,1489,1436,1436,1436,1499,1499,1499,1499,1499,1416,1604,1604,1604,1604,1604,1536,1536,1428,1428
741,1298,1560,1560,1591,1656,1656,1656,1656,1656,1465,1465,1465,1401,1469,1469,1469,1469,1567,1567,1567,1567,1567,1405,1405,1483,1483,1483,1845,1845,1845,1845,1845,1741,1741,1741,1741,1583,1504,1504,1434,1635,1635,1635,1635,1635,1518,1636,1642,1642,1642,1642,1642,1791,1791,1791,1791,1791,1631,1568,1498,1475,1475,1451,1451,1488,1488,1488,1488,1488,1444,1447,1469,1469,1469,1528,1528,1528,1528,1528,1489,1489,1436,1436,1436,1499,1499,1499,1499,1499,1416,1604,1604,1604,1604,1604,1428,1428,1428,1428
741,1038,1560,1560,1591,1591,1591,1591,1591,1465,1465,1465,1465,1401,1469,1469,1469,1469,1567,1567,1567,1567,1567,1405,1482,1483,1483,1483,1845,1845,1845,1845,1845,1741,1741,1741,1741,1583,1542,1504,1549,1635,1635,1635,1635,1635,1500,1636,1642,1642,1642,1642,1642,1791,1791,1791,1791,1791,1768,1768,1498,1475,1475,1451,1610,1610,1610,1610,1610,1444,1444,1444,1469,1469,1469,1469,1469,1489,1489,1489,1489,1489,1436,1436,1436,1499,1499,1499,1499,1499,1416,1604,1604,1604,1604,1604,1423,1423,1423,1392
504,1038,1115,1344,1344,1430,1430,1430,1430,1430,1427,1427,1427,1401,1469,1469,1469,1469,1567,1567,1567,1567,1567,1411,1482,1483,1483,1483,1483,1661,1661,1661,1741,1741,1741,1741,1741,1645,1645,1645,1645,1645,1635,1635,1635,1635,1473,1636,1642,1642,1642,1642,1642,1791,1791,1791,1791,1791,1768,1768,1527,1475,1535,1535,1610,1610,1610,1610,1610,1441,1441,1536,1536,1536,1536,1536,1469,1489,1489,1489,1599,1599,1599,1599,1599,1499,1499,1499,1499,1499,1416,1604,1604,1604,1604,1604,1423,1423,1423,1380
499,710,1198,1198,1198,1354,1403,1403,1427,1427,1427,1427,1427,1415,1469,1469,1469,1469,1469,1411,1411,1411,1411,1411,1482,1483,1621,1621,1621,1621,1621,1438,1741,1741,1741,1741,1741,1662,1662,1662,1662,1645,1635,1635,1635,1635,1473,1636,1642,1642,1642,1642,1642,1791,1791,1791,1791,1791,1768,1768,1527,1455,1535,1535,1610,1610,1610,1610,1610,1510,1352,1536,1536,1536,1536,1536,1471,1489,1489,1489,1599,1599,1599,1599,1599,1404,1416,1509,1509,1509,1509,1604,1604,1604,1604,1604,1380,1380,1380,1380
499,794,1198,1198,1198,1354,1403,1403,1427,1427,1427,1427,1427,1415,1469,1469,1469,1469,1469,1485,1485,1485,1485,1485,1482,1482,1621,1621,1621,1621,1621,1495,1741,1741,1741,1741,1741,1766,1766,1766,1766,1766,1595,1549,1549,1410,1473,1529,1529,1529,1529,1529,1492,1492,1631,1768,1768,1768,1768,1768,1527,1304,1535,1535,1610,1610,1610,1610,1610,1581,1581,1581,1581,1581,1536,1536,1551,1551,1551,1551,1599,1599,1599,1599,1599,1401,1401,1509,1509,1509,1509,1509,1434,1434,1434,1434,1434,1499,1499,1499
778,794,1198,1198,1198,1354,1403,1403,1427,1427,1427,1427,1556,1556,1556,1556,1582,1582,1582,1582,1582,1485,1485,1485,1589,1589,1621,1621,1621,1621,1621,1495,1495,1631,1631,1631,1662,1766,1766,1766,1766,1766,1678,1549,1549,1410,1473,1473,1473,1473,1473,1458,1458,1445,1445,1768,1768,1768,1768,1768,1527,1430,1535,1535,1610,1610,1610,1610,1610,1581,1581,1581,1581,1581,1536,1536,1551,1563,1563,1563,1599,1599,1599,1599,1599,1401,1401,1509,1509,1509,1509,1509,1434,1434,1434,1434,1434,1499,1499,1499
778,1057,1265,1265,1265,1299,1403,1403,1427,1427,1427,1427,1556,1556,1556,1556,1582,1582,1582,1582,1582,1538,1538,1538,1589,1589,1621,1621,1621,1621,1621,1495,1610,1631,1631,1631,1768,1768,1768,1768,1768,1766,1678,1579,1493,1410,1410,1399,1458,1458,1458,1458,1458,1430,1430,1430,1527,1527,1527,1527,1527,1430,1535,1535,1535,1535,1535,1510,1510,1581,1581,1581,1581,1581,1557,1536,1551,1563,1563,1563,1599,1599,1599,1599,1599,1401,1401,1509,1653,1653,1653,1653,1653,1434,1434,1434,1434,1499,1499,1499
778,1057,1265,1265,1265,1299,1299,1352,1366,1377,1377,1415,1556,1556,1556,1556,1582,1582,1582,1582,1582,1538,1538,1538,1589,1589,1621,1621,1621,1621,1621,1685,1685,1685,1685,1685,1768,1768,1768,1768,1768,1766,1745,1579,1533,1687,1687,1687,1687,1687,1458,1458,1458,1392,1392,1392,1392,1392,1368,1368,1421,1430,1444,1444,1444,1510,1510,1510,1510,1581,1581,1581,1581,1581,1557,1516,1551,1563,1563,1563,1765,1765,1765,1765,1765,1481,1481,1529,1653,1653,1653,1653,1653,1435,1434,1535,1535,1535,1535,1535
778,1057,1265,1265,1265,1265,1265,1238,1483,1483,1483,1483,1556,1556,1556,1556,1582,1582,1582,1582,1582,1538,1538,1726,1726,1726,1726,1726,1589,1502,1682,1685,1685,1685,1685,1685,1768,1768,1768,1768,1768,1766,1745,1579,1533,1687,1687,1687,1687,1687,1495,1453,1453,1453,1268,1268,1368,1368,1368,1368,1421,1430,1510,1510,1510,1510,1510,1431,1532,1581,1581,1581,1659,1659,1659,1659,1659,1563,1563,1578,1765,1765,1765,1765,1765,1481,1481,1529,1653,1653,1653,1653,1653,1435,1434,1535,1535,1535,1535,1535
778,1057,1265,1265,1265,1265,1265,1238,1483,1483,1483,1483,1556,1556,1556,1556,1582,1592,1592,1592,1592,1592,1538,1726,1726,1726,1726,1726,1589,1656,1682,1685,1685,1685,1685,1685,1768,1768,1768,1768,1768,1745,1745,1579,1533,1687,1687,1687,1687,1687,1495,1453,1528,1528,1528,1528,1528,1368,1368,1368,1421,1601,1601,1601,1601,1601,1784,1784,1784,1784,1784,1614,1659,1659,1659,1659,1659,1563,1590,1590,1765,1765,1765,1765,1765,1481,1481,1529,1653,1653,1653,1653,1653,1435,1422,1535,1535,1535,1535,1535
610,1057,1265,1265,1265,1265,1352,1352,1483,1483,1483,1483,1483,1318,1318,1501,1848,1848,1848,1848,1848,1592,1552,1726,1726,1726,1726,1726,1502,1656,1682,1685,1685,1685,1685,1685,1768,1768,1768,1768,1768,1745,1745,1579,1533,1687,1687,1687,1687,1687,1600,1600,1600,1528,1528,1528,1528,1315,1315,1315,1421,1601,1601,1601,1601,1601,1784,1784,1784,1784,1784,1614,1659,1659,1659,1659,1659,1533,1590,1590,1765,1765,1765,1765,1765,1512,1481,1529,1653,1653,1653,1653,1653,1551,1551,1551,1551,1535,1535,1535
610,872,1220,1250,1250,1250,1352,1352,1483,1664,1664,1664,1664,1664,1328,1501,1848,1848,1848,1848,1848,1699,1552,1726,1726,1726,1726,1726,1675,1675,1682,1685,1685,1685,1685,1685,1643,1588,1745,1745,1745,1745,1745,1533,1533,1687,1687,1687,1687,1687,1624,1624,1600,1551,1528,1528,1528,1315,1315,1507,1507,1601,1601,1601,1601,1601,1784,1784,1784,1784,1784,1614,1659,1659,1659,1659,1659,1533,1590,1590,1765,1765,1765,1765,1765,1512,1570,1570,1570,1570,1570,1529,1551,1551,1551,1551,1551,1535,1535,1535
610,856,1220,1334,1334,1334,1352,1352,1483,1664,1664,1664,1664,1664,1438,1501,1848,1848,1848,1848,1848,1699,1583,1726,1726,1726,1726,1726,1675,1675,1682,1682,1682,1682,1682,1643,1643,1592,1592,1592,1592,1508,1508,1508,1508,1530,1574,1624,1624,1819,1819,1819,1819,1819,1528,1528,1528,1421,1421,1507,1507,1601,1601,1601,1601,1601,1784,1784,1784,1784,1784,1614,1659,1659,1659,1659,1659,1533,1590,1590,1590,1590,1590,1578,1512,1512,1570,1570,1570,1570,1570,1419,1551,1551,1551,1745,1745,1745,1745,1745
573,856,1220,1334,1334,1334,1415,1415,1415,1664,1664,1664,1664,1664,1446,1525,1848,1848,1848,1848,1848,1699,1583,1552,1552,1552,1675,1675,1675,1675,1675,1656,1656,1656,1643,1643,1643,1592,1592,1592,1592,1537,1537,1537,1508,1530,1574,1624,1624,1819,1819,1819,1819,1819,1528,1528,1528,1421,1421,1507,1507,1601,1601,1601,1601,1601,1784,1784,1784,1784,1784,1614,1614,1614,1349,1349,1533,1533,1590,1590,1590,1590,1590,1512,1512,1512,1570,1570,1570,1570,1570,1517,1551,1551,1551,1745,1745,1745,1745,1745
759,856,1102,1334,1334,1334,1415,1473,1473,1664,1664,1664,1664,1664,1449,1525,1848,1848,1848,1848,1848,1699,1583,1552,1552,1552,1675,1675,1675,1675,1675,1555,1643,1643,1643,1643,1643,1592,1713,1713,1713,1713,1713,1537,1452,1452,1668,1678,1678,1819,1819,1819,1819,1819,1516,1516,1421,1421,1469,1507,1507,1507,1546,1546,1546,1546,1546,1464,1464,1464,1464,1464,1302,1302,1310,1337,1533,1533,1533,1533,1533,1512,1512,1512,1512,1512,1570,1570,1570,1570,1570,1517,1551,1551,1551,1745,1745,1745,1745,1745
759,1066,1102,1334,1391,1391,1415,1473,1473,1664,1664,1664,1664,1664,1463,1525,1525,1699,1699,1699,1699,1699,1583,1512,1512,1512,1675,1675,1675,1675,1675,1483,1483,1483,1483,1483,1592,1592,1713,1713,1776,1776,1776,1776,1776,1452,1669,1678,1678,1819,1819,1819,1819,1819,1479,1369,1421,1421,1469,1667,1667,1667,1667,1667,1546,1546,1546,1468,1468,1468,1468,1318,1301,1441,1441,1441,1441,1441,1408,1468,1468,1468,1468,1468,1381,1376,1570,1570,1570,1570,1570,1517,1517,1517,1525,1745,1745,1745,1745,1745
759,1066,1077,1334,1391,1391,1415,1473,1473,1473,1473,1473,1449,1463,1520,1525,1525,1525,1583,1583,1583,1583,1583,1438,1438,1445,1445,1449,1449,1449,1449,1449,1411,1384,1457,1457,1592,1592,1713,1736,1776,1776,1776,1776,1776,1494,1669,1678,1678,1819,1819,1819,1819,1819,1479,1369,1435,1435,1469,1667,1667,1667,1667,1667,1569,1569,1546,1468,1468,1468,1468,1332,1242,1441,1441,1441,1540,1540,1540,1540,1540,1468,1468,1468,1381,1376,1376,1376,1443,1443,1443,1517,1517,1517,1614,1745,1745,1745,1745,1745
759,1066,1066,1126,1391,1391,1415,1473,1473,1473,1526,1526,1526,1526,1526,1525,1525,1525,1551,1551,1551,1551,1551,1438,1438,1423,1423,1449,1449,1449,1449,1495,1495,1495,1495,1555,1555,1555,1713,1736,1776,1776,1776,1776,1776,1494,1669,1678,1678,1678,1678,1678,1598,1554,1419,1330,1435,1435,1469,1667,1667,1667,1667,1667,1569,1569,1468,1468,1468,1468,1468,1475,1475,1475,1475,1486,1540,1540,1540,1540,1540,1468,1468,1468,1376,1376,1376,1439,1443,1443,1443,1517,1517,1517,1614,1614,1659,1659,1659,1659
759,1066,1134,1134,1391,1391,1391,1473,1473,1473,1526,1569,1730,1730,1730,1730,1730,1548,1551,1551,1551,1551,1551,1423,1423,1423,1423,1449,1582,1582,1729,1729,1729,1729,1729,1571,1571,1555,1713,1736,1776,1776,1776,1776,1776,1494,1669,1678,1678,1678,1678,1678,1598,1554,1443,1433,1435,1435,1469,1667,1667,1667,1667,1667,1569,1569,1468,1468,1468,1468,1468,1475,1475,1475,1475,1486,1540,1540,1540,1542,1542,1542,1542,1542,1481,1481,1481,1481,1481,1443,1443,1443,1443,1374,1614,1614,1614,1614,1614,1470
709,1066,1134,1134,1391,1391,1391,1391,1419,1419,1526,1569,1730,1730,1730,1730,1730,1670,1587,1587,1587,1587,1587,1423,1423,1423,1423,1342,1582,1783,1783,1783,1783,1783,1729,1571,1571,1555,1650,1736,1776,1776,1776,1776,1776,1494,1669,1669,1669,1669,1669,1598,1598,1554,1443,1433,1435,1435,1435,1667,1667,1667,1667,1667,1569,1569,1468,1468,1468,1468,1468,1475,1475,1475,1475,1486,1540,1540,1540,1542,1542,1542,1542,1542,1481,1481,1535,1535,1535,1535,1535,1499,1499,1499,1614,1614,1614,1614,1614,1373
709,975,1134,1134,1134,1134,1166,1308,1362,1362,1526,1569,1730,1730,1730,1730,1730,1713,1713,1587,1587,1587,1587,1528,1483,1483,1483,1342,1582,1783,1783,1783,1783,1783,1729,1571,1571,1555,1650,1736,1736,1736,1736,1736,1494,1494,1658,1658,1658,1658,1658,1598,1598,1554,1443,1433,1435,1435,1435,1435,1492,1569,1569,1569,1569,1569,1463,1463,1463,1463,1463,1475,1475,1475,1475,1486,1540,1540,1540,1542,1542,1542,1542,1542,1516,1516,1535,1535,1535,1535,1535,1499,1499,1499,1614,1614,1614,1614,1614,1373
830,975,1134,1357,1357,1357,1357,1357,1362,1362,1526,1569,1730,1730,1730,1730,1730,1713,1713,1587,1587,1587,1587,1528,1483,1483,1483,1342,1589,1783,1783,1783,1783,1783,1729,1571,1571,1555,1650,1650,1650,1650,1650,1639,1389,1389,1658,1658,1658,1658,1658,1598,1598,1443,1443,1433,1433,1433,1433,1350,1492,1492,1492,1492,1492,1662,1662,1662,1662,1662,1463,1475,1475,1475,1475,1607,1607,1607,1607,1607,1542,1542,1542,1542,1516,1516,1535,1535,1535,1535,1535,1499,1499,1499,1499,1467,1306,1295,1295,1270
830,975,1134,1357,1357,1357,1357,1357,1375,1375,1505,1610,1730,1730,1730,1730,1730,1713,1713,1587,1587,1587,1587,1528,1483,1483,1483,1342,1589,1783,1783,1783,1783,1783,1729,1571,1571,1468,1650,1650,1650,1650,1650,1639,1318,1318,1658,1658,1658,1658,1658,1443,1443,1443,1443,1433,1433,1433,1620,1620,1620,1620,1620,1492,1492,1662,1662,1662,1662,1662,1503,1503,1503,1503,1336,1607,1607,1607,1607,1607,1542,1542,1542,1542,1516,1516,1535,1535,1535,1535,1535,1499,1499,1499,1499,1467,1306,1295,1295,1270
830,975,1115,1357,1357,1357,1357,1357,1375,1375,1505,1610,1611,1670,1713,1713,1713,1713,1713,1587,1587,1587,1587,1528,1483,1483,1574,1574,1589,1783,1783,1783,1783,1783,1580,1580,1580,1468,1650,1650,1650,1650,1650,1639,1506,1506,1658,1658,1658,1658,1658,1405,1405,1405,1405,1405,1382,1382,1620,1620,1620,1620,1620,1606,1606,1662,1662,1662,1662,1662,1503,1503,1503,1506,1506,1607,1607,1607,1607,1607,1512,1512,1516,1516,1602,1602,1602,1602,1602,1535,1535,1499,1499,1499,1499,1467,1422,1422,1399,1399
830,1101,1115,1504,1504,1504,1504,1504,1381,1381,1505,1610,1610,1610,1713,1713,1713,1713,1713,1572,1572,1565,1565,1775,1775,1775,1775,1775,1589,1589,1589,1589,1589,1580,1580,1580,1580,1341,1341,1639,1639,1639,1639,1639,1506,1506,1506,1506,1333,1333,1333,1156,1276,1436,1436,1436,1436,1436,1620,1620,1620,1620,1620,1606,1606,1662,1662,1662,1662,1662,1503,1706,1706,1706,1706,1706,1608,1607,1607,1607,1485,1485,1516,1516,1602,1602,1602,1602,1602,1399,1399,1467,1467,1467,1467,1467,1422,1422,1399,1399
830,1101,1229,1504,1504,1504,1504,1504,1407,1407,1415,1610,1610,1610,1610,1610,1572,1572,1572,1572,1572,1565,1565,1775,1775,1775,1870,1870,1870,1870,1870,1589,1589,1580,1580,1580,1580,1341,1341,1441,1441,1487,1487,1506,1506,1506,1506,1506,1380,1380,1520,1520,1520,1520,1520,1436,1436,1436,1620,1620,1620,1620,1620,1606,1606,1662,1662,1662,1662,1662,1503,1706,1706,1706,1706,1706,1608,1607,1607,1607,1485,1485,1434,1504,1602,1602,1602,1602,1602,1307,1307,1315,1334,1422,1422,1605,1605,1605,1605,1605
699,1101,1229,1504,1504,1504,1504,1504,1407,1407,1415,1709,1709,1709,1709,1709,1572,1572,1572,1572,1572,1565,1565,1775,1775,1775,1870,1870,1870,1870,1870,1560,1580,1580,1580,1580,1580,1341,1341,1441,1529,1529,1529,1529,1529,1506,1506,1506,1380,1380,1520,1520,1520,1520,1520,1436,1436,1436,1620,1620,1620,1620,1620,1606,1606,1606,1606,1606,1440,1503,1635,1706,1706,1706,1706,1706,1608,1506,1485,1485,1485,1485,1417,1504,1602,1602,1602,1602,1602,1533,1533,1533,1334,1422,1422,1605,1605,1605,1605,1605
736,1101,1374,1504,1511,1511,1511,1511,1610,1610,1610,1709,1709,1709,1709,1709,1572,1572,1572,1572,1572,1565,1565,1775,1775,1775,1870,1870,1870,1870,1870,1471,1580,1580,1580,1580,1580,1262,1262,1441,1529,1529,1529,1529,1529,1506,1506,1506,1380,1380,1520,1520,1520,1520,1520,1436,1546,1546,1546,1546,1546,1462,1462,1606,1606,1606,1606,1606,1440,1501,1635,1706,1706,1706,1706,1706,1608,1534,1534,1534,1581,1581,1581,1581,1602,1602,1602,1602,1602,1533,1533,1533,1404,1609,1609,1609,1609,1609,1605,1605
816,1165,1374,1504,1511,1511,1511,1511,1610,1610,1610,1709,1709,1709,1709,1709,1498,1386,1433,1565,1565,1565,1565,1775,1775,1775,1870,1870,1870,1870,1870,1685,1685,1685,1416,1416,1416,1290,1262,1434,1529,1529,1611,1611,1611,1611,1611,1578,1491,1380,1520,1520,1520,1520,1520,1436,1546,1546,1546,1646,1646,1646,1646,1646,1479,1479,1377,1440,1440,1501,1635,1706,1706,1706,1706,1706,1608,1660,1660,1660,1660,1660,1581,1581,1581,1538,1402,1533,1533,1533,1533,1533,1490,1609,1609,1609,1609,1609,1605,1605
816,1165,1374,1427,1511,1511,1511,1511,1610,1610,1610,1709,1709,1709,1709,1709,1386,1386,1433,1433,1506,1506,1506,1564,1564,1564,1870,1870,1870,1870,1870,1685,1685,1685,1521,1416,1416,1290,1262,1434,1529,1529,1611,1611,1611,1611,1611,1578,1497,1497,1520,1520,1520,1520,1520,1475,1546,1546,1605,1646,1646,1646,1646,1646,1492,1492,1455,1455,1440,1501,1635,1635,1635,1635,1635,1557,1557,1660,1773,1773,1773,1773,1773,1581,1581,1538,1402,1533,1533,1533,1533,1533,1490,1609,1609,1609,1609,1609,1605,1605
816,1165,1374,1427,1511,1511,1511,1511,1610,1610,1610,1709,1709,1709,1709,1709,1354,1354,1354,1354,1506,1506,1506,1564,1564,1564,1564,1581,1581,1685,1685,1685,1685,1685,1521,1416,1416,1290,1269,1434,1529,1529,1611,1611,1611,1611,1611,1578,1497,1497,1497,1367,1429,1445,1475,1494,1546,1546,1605,1646,1646,1646,1646,1646,1492,1492,1455,1455,1377,1377,1635,1635,1635,1635,1635,1557,1660,1660,1773,1773,1773,1773,1773,1581,1581,1538,1402,1533,1533,1533,1533,1533,1490,1609,1609,1609,1609,1609,1512,1398
816,1165,1374,1551,1551,1551,1551,1551,1610,1610,1610,1610,1610,1494,1494,1483,1354,1354,1354,1354,1506,1506,1506,1506,1506,1466,1538,1581,1581,1685,1685,1685,1685,1685,1521,1290,1290,1290,1316,1434,1446,1446,1611,1659,1659,1659,1659,1659,1497,1497,1497,1367,1429,1445,1475,1494,1546,1546,1605,1646,1646,1646,1646,1666,1666,1666,1666,1666,1377,1377,1377,1527,1527,1557,1557,1557,1712,1799,1799,1799,1799,1799,1773,1581,1581,1538,1348,1348,1404,1404,1404,1404,1490,1609,1609,1609,1609,1609,1525,1525
858,1165,1319,1551,1551,1551,1551,1551,1501,1501,1501,1494,1494,1494,1494,1483,1311,1311,1311,1311,1320,1320,1466,1466,1466,1466,1538,1581,1581,1685,1685,1685,1685,1685,1521,1290,1341,1414,1414,1414,1446,1446,1611,1659,1659,1659,1659,1659,1497,1497,1497,1367,1429,1445,1475,1494,1494,1494,1605,1646,1646,1646,1646,1666,1666,1666,1666,1666,1630,1377,1377,1527,1527,1557,1557,1610,1712,1799,1799,1799,1799,1799,1773,1527,1527,1523,1235,1237,1237,1248,1248,1361,1490,1490,1512,1512,1512,1525,1525,1525
858,1020,1319,1600,1600,1600,1600,1600,1484,1446,1446,1483,1483,1483,1483,1483,1311,1384,1384,1384,1384,1384,1466,1466,1466,1466,1538,1581,1581,1581,1581,1581,1552,1521,1521,1316,1528,1528,1528,1528,1528,1446,1446,1659,1659,1659,1659,1659,1497,1497,1497,1457,1457,1445,1475,1494,1494,1494,1605,1605,1605,1605,1605,1666,1666,1666,1666,1666,1630,1354,1354,1527,1527,1557,1557,1610,1712,1799,1799,1799,1799,1799,1773,1527,1527,1428,1235,1265,1435,1435,1435,1435,1435,1363,1521,1521,1521,1525,1525,1525
858,1020,1415,1600,1600,1600,1600,1600,1553,1446,1446,1483,1483,1483,1483,1483,1311,1384,1384,1384,1384,1384,1466,1466,1466,1466,1511,1581,1581,1581,1581,1581,1527,1353,1455,1455,1528,1528,1528,1528,1528,1414,1405,1659,1659,1659,1659,1659,1555,1457,1457,1457,1457,1445,1445,1494,1494,1494,1494,1494,1462,1462,1462,1666,1666,1666,1666,1666,1630,1354,1364,1544,1544,1544,1544,1610,1712,1799,1799,1799,1799,1799,1678,1428,1428,1428,1261,1265,1444,1444,1444,1444,1444,1396,1521,1523,1523,1525,1525,1525
858,1240,1415,1600,1600,1600,1600,1600,1553,1446,1446,1483,1483,1483,1483,1483,1464,1464,1464,1464,1384,1384,1320,1408,1424,1424,1511,1511,1527,1527,1527,1527,1527,1353,1455,1536,1536,1536,1536,1536,1528,1414,1400,1659,1659,1659,1659,1659,1555,1480,1480,1480,1480,1480,1442,1442,1442,1442,1462,1462,1462,1462,1462,1666,1666,1666,1666,1666,1630,1465,1465,1544,1544,1544,1544,1610,1712,1839,1839,1839,1839,1839,1624,1428,1238,1235,1261,1265,1444,1444,1444,1444,1444,1396,1521,1523,1523,1525,1525,1525
858,1240,1415,1600,1600,1600,1600,1600,1553,1597,1597,1597,1597,1597,1363,1464,1464,1464,1464,1464,1516,1516,1516,1516,1516,1456,1456,1456,1527,1527,1527,1527,1527,1353,1455,1536,1536,1536,1536,1536,1528,1426,1400,1400,1555,1555,1555,1555,1555,1480,1480,1480,1480,1480,1442,1442,1442,1442,1462,1562,1562,1562,1562,1562,1630,1630,1630,1630,1630,1492,1472,1544,1544,1544,1544,1610,1664,1839,1839,1839,1839,1839,1624,1457,1457,1235,1481,1481,1481,1481,1481,1444,1444,1452,1521,1523,1523,1523,1523,1523
847,1240,1415,1600,1600,1600,1600,1600,1553,1597,1597,1597,1597,1597,1363,1464,1464,1464,1464,1464,1516,1516,1516,1516,1516,1505,1456,1456,1527,1527,1527,1527,1527,1353,1455,1536,1536,1536,1669,1669,1669,1669,1669,1388,1555,1555,1555,1555,1555,1480,1480,1480,1480,1480,1442,1442,1442,1442,1620,1620,1620,1620,1620,1562,1475,1492,1492,1492,1492,1492,1472,1544,1544,1544,1544,1544,1664,1839,1839,1839,1839,1839,1649,1649,1457,1348,1481,1481,1481,1481,1481,1444,1444,1452,1521,1523,1523,1523,1523,1523
847,1240,1415,1415,1553,1553,1553,1553,1553,1597,1597,1597,1597,1597,1475,1475,1475,1475,1505,1505,1516,1516,1516,1516,1516,1505,1607,1607,1607,1607,1607,1447,1447,1447,1455,1536,1536,1536,1669,1669,1669,1669,1669,1450,1555,1555,1555,1555,1555,1480,1480,1480,1480,1480,1320,1379,1379,1379,1620,1620,1620,1620,1620,1562,1475,1492,1492,1584,1584,1584,1584,1584,1544,1544,1544,1544,1664,1839,1839,1839,1839,1839,1649,1649,1457,1348,1481,1481,1481,1481,1481,1444,1444,1452,1460,1523,1523,1523,1523,1523
832,1240,1326,1326,1326,1326,1326,1319,1319,1597,1597,1597,1597,1597,1475,1475,1475,1475,1505,1505,1516,1516,1516,1733,1733,1733,1733,1733,1607,1607,1607,1478,1478,1478,1478,1536,1536,1536,1669,1669,1669,1669,1669,1504,1504,1474,1474,1477,1477,1480,1480,1480,1480,1480,1378,1378,1378,1378,1620,1620,1620,1620,1620,1562,1475,1492,1492,1584,1584,1584,1584,1584,1472,1472,1345,1404,1664,1839,1839,1839,1839,1839,1649,1649,1480,1480,1481,1501,1501,1501,1501,1501,1378,1452,1460,1460,1460,1460,1460,1435
832,1134,1405,1405,1405,1405,1405,1299,1299,1597,1597,1597,1597,1597,1475,1475,1475,1475,1505,1505,1709,1709,1709,1733,1733,1733,1733,1733,1607,1607,1607,1478,1478,1478,1478,1566,1566,1833,1833,1833,1833,1833,1692,1692,1570,1570,1474,1477,1477,1477,1477,1477,1353,1378,1378,1378,1378,1378,1620,1620,1620,1620,1620,1562,1475,1492,1492,1584,1584,1584,1584,1584,1472,1472,1345,1404,1664,1719,1719,1719,1719,1719,1649,1649,1499,1580,1580,1580,1580,1580,1501,1501,1343,1452,1452,1452,1452,1452,1435,1435
832,1134,1405,1503,1503,1503,1503,1503,1299,1377,1377,1377,1377,1377,1475,1475,1475,1475,1505,1505,1709,1803,1803,1803,1803,1803,1733,1733,1607,1607,1607,1478,1478,1478,1478,1566,1611,1833,1833,1833,1833,1833,1699,1692,1652,1570,1550,1477,1477,1477,1477,1477,1324,1378,1470,1470,1470,1470,1620,1620,1620,1620,1620,1459,1459,1459,1468,1584,1584,1584,1584,1584,1407,1418,1418,1418,1437,1719,1719,1719,1719,1719,1649,1649,1499,1580,1580,1580,1580,1580,1501,1501,1343,1377,1377,1483,1483,1483,1483,1483
832,1134,1611,1611,1611,1611,1611,1503,1299,1377,1377,1377,1377,1377,1475,1475,1475,1475,1505,1505,1709,1803,1803,1803,1803,1803,1733,1733,1607,1607,1607,1478,1562,1562,1562,1566,1611,1833,1833,1833,1833,1833,1699,1692,1652,1570,1550,1392,1392,1392,1392,1381,1349,1378,1470,1470,1470,1470,1620,1620,1620,1620,1620,1459,1459,1459,1222,1584,1584,1584,1584,1584,1407,1418,1418,1418,1437,1468,1468,1611,1611,1611,1611,1611,1499,1580,1580,1580,1580,1580,1501,1501,1343,1377,1377,1483,1483,1483,1483,1483
753,1134,1611,1611,1611,1611,1611,1503,1375,1377,1377,1377,1377,1377,1354,1354,1280,1345,1442,1442,1709,1803,1803,1803,1803,1803,1761,1761,1514,1487,1487,1478,1562,1562,1562,1566,1611,1833,1833,1833,1833,1833,1699,1692,1652,1631,1631,1631,1631,1631,1456,1381,1349,1378,1470,1475,1578,1578,1620,1620,1737,1737,1737,1737,1737,1459,1222,1222,1237,1407,1407,1407,1407,1418,1418,1418,1418,1468,1468,1611,1611,1611,1611,1611,1499,1580,1580,1580,1580,1580,1501,1501,1309,1377,1377,1483,1483,1483,1483,1483
779,1031,1611,1611,1611,1611,1611,1503,1430,1430,1430,1430,1375,1413,1413,1413,1413,1413,1442,1442,1709,1803,1803,1803,1803,1803,1761,1761,1559,1559,1487,1426,1562,1562,1562,1566,1611,1833,1833,1833,1833,1833,1699,1692,1652,1631,1631,1631,1631,1631,1588,1403,1349,1349,1470,1475,1578,1578,1620,1620,1737,1737,1737,1737,1737,1459,1192,1192,1408,1408,1408,1408,1408,1418,1418,1418,1418,1418,1324,1611,1611,1611,1611,1611,1499,1580,1580,1580,1580,1580,1516,1516,1516,1516,1465,1483,1483,1483,1483,1483
779,1031,1611,1611,1611,1611,1611,1528,1528,1528,1528,1430,1375,1413,1508,1508,1508,1508,1508,1442,1607,1803,1803,1803,1803,1803,1761,1761,1559,1559,1487,1481,1562,1562,1562,1562,1611,1611,1699,1699,1699,1699,1699,1652,1652,1631,1631,1631,1631,1631,1588,1532,1349,1349,1470,1475,1578,1578,1620,1620,1737,1737,1737,1737,1737,1349,1349,1349,1408,1475,1475,1475,1475,1475,1418,1418,1418,1418,1324,1284,1368,1368,1368,1368,1414,1414,1437,1441,1441,1516,1516,1516,1516,1516,1465,1483,1483,1483,1483,1483
779,927,1611,1611,1611,1611,1611,1534,1528,1528,1528,1430,1375,1413,1508,1508,1508,1508,1508,1442,1607,1644,1644,1761,1761,1761,1761,1761,1559,1559,1592,1592,1592,1592,1592,1562,1562,1428,1363,1354,1366,1366,1481,1617,1617,1631,1631,1631,1631,1631,1610,1610,1610,1377,1377,1475,1578,1578,1578,1578,1737,1737,1737,1737,1737,1349,1592,1592,1592,1592,1592,1475,1475,1475,1434,1434,1434,1595,1595,1595,1595,1595,1293,1338,1338,1338,1437,1441,1441,1574,1574,1574,1574,1574,1465,1465,1465,1465,1465,1372
779,910,1233,1534,1534,1534,1534,1534,1528,1528,1528,1451,1451,1442,1508,1508,1508,1508,1508,1363,1607,1644,1644,1761,1761,1761,1761,1761,1587,1587,1592,1592,1592,1592,1592,1481,1505,1505,1505,1505,1505,1354,1354,1617,1617,1631,1631,1631,1631,1631,1617,1617,1617,1617,1377,1475,1578,1578,1578,1578,1737,1737,1737,1737,1737,1463,1592,1592,1743,1743,1743,1743,1743,1475,1434,1434,1434,1595,1595,1595,1595,1595,1462,1293,1293,1293,1305,1441,1441,1574,1574,1574,1574,1574,1465,1465,1465,1465,1465,1372
779,869,1233,1534,1534,1534,1534,1534,1528,1528,1528,1451,1451,1442,1508,1508,1508,1508,1508,1393,1607,1607,1607,1607,1607,1579,1587,1587,1587,1587,1592,1592,1592,1592,1592,1481,1505,1505,1505,1505,1505,1422,1422,1617,1617,1617,1617,1617,1610,1617,1617,1617,1617,1617,1495,1370,1516,1516,1516,1516,1516,1498,1498,1463,1463,1486,1592,1592,1743,1743,1743,1743,1743,1475,1434,1462,1462,1595,1595,1595,1595,1595,1462,1274,1236,1236,1305,1757,1757,1757,1757,1757,1574,1574,1465,1465,1465,1465,1465,1372
904,904,1233,1534,1534,1534,1534,1534,1528,1528,1528,1513,1513,1513,1513,1616,1616,1616,1616,1616,1565,1565,1565,1537,1537,1537,1587,1587,1587,1587,1592,1592,1592,1592,1592,1481,1505,1505,1505,1505,1505,1479,1479,1479,1479,1603,1603,1603,1610,1617,1617,1617,1617,1617,1495,1370,1370,1454,1454,1454,1650,1650,1650,1650,1650,1486,1592,1592,1743,1743,1743,1743,1743,1530,1530,1462,1500,1595,1595,1595,1595,1595,1507,1507,1278,1236,1367,1757,1757,1757,1757,1757,1574,1574,1454,1454,1454,1372,1372,1372
904,904,1233,1534,1534,1534,1534,1534,1451,1451,1513,1513,1513,1513,1513,1616,1616,1616,1616,1616,1565,1565,1565,1591,1591,1591,1591,1591,1587,1587,1593,1593,1593,1593,1593,1421,1505,1505,1505,1505,1505,1479,1479,1479,1479,1483,1494,1494,1610,1617,1617,1617,1617,1617,1495,1370,1370,1370,1388,1413,1650,1650,1650,1650,1650,1498,1592,1592,1743,1743,1743,1743,1743,1530,1530,1463,1500,1595,1595,1595,1595,1595,1507,1507,1278,1382,1382,1757,1757,1757,1757,1757,1574,1574,1467,1467,1467,1467,1372,1372
904,904,1237,1237,1406,1406,1406,1406,1451,1451,1513,1513,1513,1513,1513,1616,1616,1616,1616,1616,1678,1678,1678,1678,1678,1591,1591,1591,1587,1587,1593,1593,1593,1593,1593,1421,1505,1505,1505,1505,1505,1479,1479,1519,1519,1519,1519,1519,1486,1617,1617,1617,1617,1617,1495,1349,1349,1349,1323,1415,1650,1650,1650,1650,1650,1630,1630,1505,1743,1743,1743,1743,1743,1530,1530,1463,1500,1500,1500,1507,1507,1507,1507,1507,1278,1382,1382,1757,1757,1757,1757,1757,1444,1467,1467,1467,1467,1467,1263,1263
904,904,1237,1271,1406,1406,1406,1406,1408,1408,1513,1513,1513,1513,1513,1616,1898,1898,1898,1898,1898,1678,1678,1678,1678,1684,1684,1684,1684,1684,1593,1593,1593,1593,1593,1421,1421,1421,1387,1422,1422,1479,1479,1519,1519,1519,1519,1519,1408,1396,1495,1495,1495,1495,1495,1349,1349,1349,1323,1415,1650,1650,1650,1650,1650,1630,1630,1505,1505,1505,1530,1530,1530,1530,1530,1463,1500,1500,1500,1507,1507,1507,1507,1507,1278,1382,1382,1757,1757,1757,1757,1757,1617,1617,1617,1617,1467,1467,1419,1419
904,1004,1237,1271,1406,1456,1465,1465,1465,1465,1513,1513,1513,1513,1513,1616,1898,1898,1898,1898,1898,1678,1678,1678,1678,1684,1684,1684,1684,1684,1593,1593,1593,1593,1593,1421,1462,1462,1462,1462,1462,1479,1479,1519,1519,1519,1519,1519,1396,1396,1396,1396,1396,1315,1315,1315,1315,1232,1232,1415,1650,1650,1650,1650,1650,1630,1630,1505,1505,1505,1530,1530,1530,1530,1530,1463,1500,1500,1500,1507,1507,1507,1507,1507,1278,1456,1456,1456,1467,1467,1467,1672,1672,1672,1672,1672,1550,1550,1550,1550
673,1004,1237,1271,1406,1457,1465,1489,1489,1489,1489,1489,1408,1488,1540,1540,1898,1898,1898,1898,1898,1678,1678,1678,1678,1684,1684,1684,1684,1684,1593,1593,1593,1593,1593,1387,1462,1462,1462,1462,1462,1341,1332,1519,1519,1519,1519,1519,1325,1276,1297,1297,1297,1297,1297,1232,1446,1446,1446,1446,1448,1492,1630,1630,1630,1630,1630,1436,1405,1382,1382,1382,1382,1382,1328,1463,1463,1463,1495,1495,1495,1495,1495,1423,1423,1456,1456,1456,1542,1542,1542,1672,1680,1680,1680,1680,1680,1550,1550,1550
673,1004,1237,1587,1587,1587,1587,1587,1547,1547,1547,1489,1466,1488,1540,1540,1898,1898,1898,1898,1898,1678,1678,1678,1678,1684,1684,1684,1684,1684,1548,1448,1448,1407,1430,1430,1462,1462,1462,1462,1462,1341,1332,1519,1519,1519,1519,1519,1325,1276,1297,1297,1326,1326,1326,1326,1446,1446,1446,1446,1448,1492,1630,1630,1630,1630,1630,1629,1455,1455,1455,1455,1413,1413,1444,1444,1444,1447,1495,1495,1495,1495,1495,1423,1423,1456,1456,1456,1542,1618,1618,1672,1680,1680,1680,1680,1680,1550,1550,1550
673,1004,1149,1587,1587,1587,1587,1587,1547,1547,1547,1489,1466,1488,1540,1540,1898,1898,1898,1898,1898,1646,1588,1588,1588,1684,1684,1684,1684,1684,1548,1448,1448,1380,1430,1430,1462,1462,1462,1462,1462,1341,1328,1328,1328,1328,1325,1325,1325,1231,1297,1297,1326,1326,1326,1326,1446,1446,1446,1446,1448,1492,1492,1629,1629,1629,1629,1629,1455,1455,1455,1455,1413,1413,1444,1444,1444,1444,1444,1265,1423,1423,1423,1423,1423,1456,1456,1456,1542,1618,1618,1672,1680,1680,1680,1680,1680,1550,1550,1550
673,1004,1149,1587,1587,1587,1587,1587,1547,1547,1547,1489,1466,1488,1540,1540,1540,1646,1646,1646,1646,1646,1544,1544,1545,1545,1548,1548,1548,1548,1548,1448,1448,1179,1430,1430,1462,1462,1462,1462,1462,1328,1328,1328,1328,1328,1222,1159,1159,1159,1297,1297,1326,1326,1326,1326,1446,1446,1446,1446,1448,1448,1448,1629,1629,1629,1629,1629,1455,1455,1455,1455,1413,1413,1444,1444,1444,1444,1444,1199,1423,1423,1423,1423,1423,1456,1456,1456,1542,1618,1618,1672,1680,1680,1680,1680,1680,1550,1550,1550
